{
    "test_loss": 0.01321431715041399,
    "test_dice_coefficient": 0.8517165184020996,
    "test_iou_coefficient": 0.7493433356285095,
    "training_history": {
        "loss": [
            0.12056612968444824,
            0.045168425887823105,
            0.03430677205324173,
            0.027095643803477287,
            0.02312220260500908,
            0.02107846364378929,
            0.01841803826391697,
            0.017528561875224113,
            0.016009824350476265,
            0.015536661259829998,
            0.014451471157371998,
            0.013768148608505726,
            0.013101070187985897,
            0.014044221490621567,
            0.012277704663574696,
            0.012848238460719585,
            0.011189816519618034,
            0.011316167190670967,
            0.011293678544461727,
            0.010437998920679092,
            0.010058577172458172,
            0.009966460056602955,
            0.009437725879251957,
            0.009970828890800476,
            0.009106507524847984,
            0.009305222891271114,
            0.008821576833724976,
            0.009143710136413574,
            0.008596006780862808,
            0.008392199873924255,
            0.008110761642456055,
            0.008806755766272545,
            0.008029850199818611,
            0.007460068911314011,
            0.007442924659699202,
            0.008696607314050198,
            0.007268604822456837,
            0.007108795922249556,
            0.007450697012245655,
            0.007258979603648186,
            0.006915078964084387,
            0.007040460128337145,
            0.006773275323212147,
            0.006389915943145752,
            0.006588899530470371,
            0.0063936831429600716,
            0.006404406391084194,
            0.00580999068915844,
            0.005658503621816635,
            0.005402513314038515
        ],
        "val_loss": [
            0.13651907444000244,
            0.07064885646104813,
            0.047978971153497696,
            0.03720683604478836,
            0.047039784491062164,
            0.029329806566238403,
            0.020519843325018883,
            0.026051897555589676,
            0.01784212701022625,
            0.029313720762729645,
            0.018331199884414673,
            0.016872523352503777,
            0.08888216316699982,
            0.013950448483228683,
            0.015246443450450897,
            0.017860716208815575,
            0.01508362591266632,
            0.015273542143404484,
            0.01660662703216076,
            0.014207674190402031,
            0.03133881464600563,
            0.019342763349413872,
            0.012178591452538967,
            0.01817387342453003,
            0.014845991507172585,
            0.01379052922129631,
            0.012692964635789394,
            0.012938715517520905,
            0.011807529255747795,
            0.011278179474174976,
            0.013095163740217686,
            0.012265677563846111,
            0.011729025281965733,
            0.010923115536570549,
            0.01297016255557537,
            0.013596947304904461,
            0.010664296336472034,
            0.010848020203411579,
            0.014848473481833935,
            0.014403586275875568,
            0.013729646801948547,
            0.013175390660762787,
            0.012584089301526546,
            0.013620893470942974,
            0.012102722190320492,
            0.011748025193810463,
            0.01061229594051838,
            0.011708568781614304,
            0.01250801794230938,
            0.013385355472564697
        ],
        "dice_coefficient": [
            0.07487589120864868,
            0.3239341080188751,
            0.47125887870788574,
            0.5625256896018982,
            0.6122125387191772,
            0.6607850193977356,
            0.6825948357582092,
            0.7105015516281128,
            0.7273221611976624,
            0.735931396484375,
            0.7549648284912109,
            0.7634183168411255,
            0.77467942237854,
            0.7654116749763489,
            0.7843758463859558,
            0.7843484282493591,
            0.797741711139679,
            0.8037063479423523,
            0.8058093786239624,
            0.8164544701576233,
            0.8238502740859985,
            0.824755072593689,
            0.8356340527534485,
            0.8247182965278625,
            0.8390471935272217,
            0.8346015810966492,
            0.8398939371109009,
            0.8374110460281372,
            0.8424299955368042,
            0.8476913571357727,
            0.852704644203186,
            0.8410073518753052,
            0.8492955565452576,
            0.8629365563392639,
            0.8621525168418884,
            0.8445451855659485,
            0.8631945848464966,
            0.8698797821998596,
            0.862962007522583,
            0.865960419178009,
            0.8715250492095947,
            0.8702813386917114,
            0.8746535181999207,
            0.8797266483306885,
            0.8775947690010071,
            0.8805296421051025,
            0.8787360191345215,
            0.8883570432662964,
            0.8903534412384033,
            0.8965079188346863
        ],
        "val_dice_coefficient": [
            0.04600391536951065,
            0.27104651927948,
            0.42538753151893616,
            0.44085413217544556,
            0.3646480143070221,
            0.5872056484222412,
            0.6292287707328796,
            0.6284499764442444,
            0.6911184191703796,
            0.559723973274231,
            0.7052439451217651,
            0.7140390276908875,
            0.05896564573049545,
            0.7889668941497803,
            0.7424410581588745,
            0.7214569449424744,
            0.7478401064872742,
            0.7519558668136597,
            0.7591062784194946,
            0.7708409428596497,
            0.6330326795578003,
            0.7269613146781921,
            0.7974430918693542,
            0.7458245158195496,
            0.7922479510307312,
            0.7731016278266907,
            0.7799433469772339,
            0.8153106570243835,
            0.8128293752670288,
            0.8210846781730652,
            0.8107832074165344,
            0.8205865621566772,
            0.8296115398406982,
            0.8329857587814331,
            0.8214926719665527,
            0.8141054511070251,
            0.832572877407074,
            0.8261479139328003,
            0.8008763194084167,
            0.8014747500419617,
            0.8380492329597473,
            0.8185926079750061,
            0.8310436606407166,
            0.8330926895141602,
            0.834154486656189,
            0.8389251828193665,
            0.8551815748214722,
            0.8496482968330383,
            0.8404998779296875,
            0.8447407484054565
        ],