epoch,accuracy,learning_rate,loss,val_accuracy,val_loss
0,0.38975000381469727,0.0010000000474974513,1.291139841079712,0.4818548262119293,1.150559663772583
